{"cameraMode":{"drawMode":0,"name":"Shaded","section":"Shading Mode"},"sceneLighting":true,"audioPlay":false,"sceneViewState":{"m_AlwaysRefresh":false,"showFog":true,"showSkybox":true,"showFlares":true,"showImageEffects":true,"showParticleSystems":true,"showVisualEffectGraphs":true,"m_FxEnabled":true},"in2DMode":false,"pivot":{"x":11.067195892333985,"y":-1.3112363815307618,"z":3.6967039108276369},"rotation":{"x":0.05818839371204376,"y":0.6126265525817871,"z":-0.045300163328647616,"w":0.7869267463684082},"size":6.999393463134766,"orthographic":false}