{"cameraMode":{"drawMode":0,"name":"Shaded","section":"Shading Mode"},"sceneLighting":false,"audioPlay":false,"sceneViewState":{"m_AlwaysRefresh":false,"showFog":false,"showSkybox":false,"showFlares":false,"showImageEffects":false,"showParticleSystems":false,"showVisualEffectGraphs":true,"m_FxEnabled":true},"in2DMode":false,"pivot":{"x":18.610977172851564,"y":28.51250648498535,"z":-12.595863342285157},"rotation":{"x":0.028951406478881837,"y":0.9478124380111694,"z":-0.09013208001852036,"w":0.3044477105140686},"size":27.413833618164064,"orthographic":false}