{"cameraMode":{"drawMode":0,"name":"Shaded","section":"Shading Mode"},"sceneLighting":false,"audioPlay":false,"sceneViewState":{"m_AlwaysRefresh":false,"showFog":true,"showSkybox":false,"showFlares":true,"showImageEffects":true,"showParticleSystems":true,"showVisualEffectGraphs":true,"m_FxEnabled":true},"in2DMode":false,"pivot":{"x":981.7249755859375,"y":544.1528930664063,"z":-4.195572376251221},"rotation":{"x":-0.000014879871741868556,"y":0.9983962774276733,"z":-0.0003087823570240289,"w":-0.056667786091566089},"size":23.118440628051759,"orthographic":false}